Feature,Coefficient,Abs_Coefficient
v_t_lag1,0.5133004327486297,0.5133004327486297
m_t_lag1,-0.46570357802712403,0.46570357802712403
time,0.21894683956367508,0.21894683956367508
e_t_lag1,0.1271259663333538,0.1271259663333538
sigma_fx_t_lag1,-0.07123629558675346,0.07123629558675346
time^3,0.050631287060797794,0.050631287060797794
time^2,0.04374926202857448,0.04374926202857448
