variable,count,mean,std,min,max,first_year,last_year
child_mortality_volatility_log,36,0.3783776587709895,1.0591899845329869,-2.31185500428861,2.003538091697719,1989,2024
food_volatility_log,36,0.9195149820957149,1.3112091209878267,-1.3646276217212694,3.769397332625393,1989,2024
gdp_volatility_log,36,1.5073000152307292,0.9034269195013774,0.2641403911982142,3.2478235039125907,1989,2024
education_log,6,-0.05498556184186401,0.009319394310703905,-0.0632219642799138,-0.039399116802317946,1990,1996
exchange_rate_volatility,36,6.209553763781873,7.044475733863447,0.0078750441277993,22.64341107706988,1989,2024
