Category,Records,Positive_Records,Year_Range,Mean_Ratio,Median_Ratio,Std_Ratio,Min_Ratio,Max_Ratio,US_Advantage_Years,UK_Advantage_Years,US_Advantage_Pct
Education Ratio,74,74,1825-2010,2.789402311782887,3.701381782032707,1.1857855214375128,0.9187111628453136,3.701381782032707,72,2,97.2972972972973
Food Price Volatility Ratio,188,186,1733-1955,7.436373445295404,0.43373691080694,32.790262689028296,0.000104793351542,326.7019666453232,81,105,43.54838709677419
Exchange Rate Volatility,205,205,1796-2000,4.9214995626042235,3.4587089143692777,5.168025230128665,0.1106964345307482,26.651836141662297,146,59,71.21951219512195
Military Power Ratio,200,200,1816-2016,21.79553440933673,0.620073975878165,32.10408166624069,0.0022156607540356,131.61927907315135,90,110,45.0
GDP Ratio,226,226,1650-2022,1.1300328506967252,1.118943313263345,0.2564288663097416,0.6203319502074689,1.5693318589056005,135,91,59.73451327433629
